"Reference","Value","Qty","Vendor","SKU"
"C1,C2","4.7u","2","Murata","GCM21BC7YA475KE36L "
"C3","100n","1","Murata","GCM188R71H104JA57D"
"C4,C54,C57,C65,C68,C98,C100,C103","1u","8","Murata","GCM155C71A105KE38D"
"C5,C13,C24,C36,C37,C38,C39,C40,C45,C46,C47,C48,C49,C55,C58,C76,C77,C78,C79,C88","100n","20","Murata","GCM155R71C104KA55D"
"C6","10n","1","Murata","GCM155R71E103KA37D"
"C7,C8,C14,C15,C16,C17,C18,C19,C20,C21,C22,C23,C25,C26,C27,C28,C29,C30,C31,C32,C33,C34","10u","22","Murata","GCM21BR71A106KE22K"
"C9,C10,C35","1u","3","Murata","GCM188R71C105KA64D"
"C11,C12","2.2u","2","Murata","GCM188R70J225KE22D"
"C41,C42","18p","2","Murata","GCM1555C1H180FA16D"
"C43,C44","6.2p","2","Murata","GCM1555C1H6R2BA16D"
"C56,C73,C113,C123","100p","4","Murata","GCM1555C1H101FA16D"
"C59,C80,C81,C82,C83,C84,C85,C86","220n","8","Murata","GCM155R71C224KE02D"
"C60","470p","1","Murata","GCM1555C1H471FA16D"
"C61,C64,C74,C75","12p","4","Murata","GCM1885C2A120FA16D"
"C62","18p","1","Murata","GCM1885C2A180FA16D"
"C63","6.2p","1","Murata","GCM1885C2A6R2BA16D"
"C66,C67,C87,C101","1.2n","4","Murata","GCM155R72A122KA37D"
"C69","4.7n","1","Murata","GCM155R71H472KA37D"
"C70,C89","82p","2","Murata","GCM1555C1H820FA16D"
"C71","27p","1","Murata","GCM1885C2A270FA16D"
"C72,C104,C105","2.2n","3","Murata","GCM155R71H222KA37D"
"C90,C92,C93","6.8p","3","Murata","GCM1885C2A6R8BA16D"
"C91","270p","1","Murata","GCM1885C2A271FA16D"
"C94","2.7p","1","Murata","GCM1555C1H2R7WA16D"
"C95,C126","4.8p","2","Murata","GCQ1555C1H4R2BB01D"
"C96,C97","270p","2","Murata","GCM1555C1H271FA16D "
"C99,C102","220p","2","Murata","GCM1555C1H221FA16D"
"C115,C116","22p","2","Murata","GCM1885C2A220FA16D"
"C125,C127","8.4p","2","Murata","GCQ1555C1H8R4BB01D"
"D1","3.3V/36V","1","LittleFuse","SMF3.3/SMF4L33A"
"D4","30V","1","Panasonic","EZAEG3A50AV"
"FB1,FB2,FB3,FB4,FB5,FB6","600@100M","6","Würth","742792651"
"FL1","RBP-140+","1","Mini-Circuits","RBP-140+"
"FL2","RBP-440+","1","Mini-Circuits","RBP-440+"
"J5","EXT","1","Samtec","LSEM-120-03.0-L-DV-A-N-K-TR"
"L1","4.7u","1","Coilcraft","XAL4030-472MEC"
"L2,L3","15u","2","TDK","CLF7045NIT-150M-D"
"L4","390n","1","Coilcraft","0603DC-R39XJRW"
"L5,L16","82n","2","Coilcraft","0603DC-82NXJRW"
"L6","47n","1","Coilcraft","0402DC-47NXGRW"
"L7","68n","1","Coilcraft","0402DC-68NXGRW"
"L8","220n","1","Coilcraft","0603DC-R22XJRW"
"L9","150n","1","Coilcraft","0603DC-R15XJRW"
"L10","15n","1","Coilcraft","0402DC-15NXJRW"
"L11","10n","1","Coilcraft","0603DC-10NXJRW"
"L12","7.5n","1","Coilcraft","0603DC-7N5XGRW"
"L13","27n","1","Coilcraft","0603DC-27NXGRW"
"L14","2.2n","1","Coilcraft","0402DC-2N2XJRW"
"L15,L26,L28","44n","3","Murata","LQW18AN44NG80D"
"L17","23n","1","Coilcraft","0402DC-23NXGRW"
"L18,L19,L21,L22","19n","4","Coilcraft","0402HP-19NXGRW"
"L20","33n","1","Coilcraft","0402DC-33NXGRW"
"L23","13n","1","Coilcraft","0402HP-13NXGRW"
"L27","78n","1","Murata","LQW18AN78NG80D"
"L32,L33","18n","2","Coilcraft","0603DC-18NXGRW"
"Q1","BC807","1","Diodes","BC807-40-7-F"
"Q2,Q4","BSS215P","2","Infineon","BSS215PH6327XTSA1"
"Q3,Q5","BC817","2","Diodes"," BC817-16-7-F "
"R3,R49","0","2","Vishay","CRCW04020000Z0ED"
"R4,R6","22k","2","Vishay","CRCW040222K0FKED"
"R5,R7,R10,R11,R13,R14,R16,R17,R19,R20,R31,R32,R33,R45,R47,R48","100k","16","Vishay","CRCW0402100KFKED"
"R8,R27,R28","10k","3","Vishay","CRCW040210K0FKED"
"R9","24,9k","1","Vishay","CRCW040224K9FKED"
"R12,R15","47k","2","Vishay","CRCW040247K0FKED"
"R18","1.15k","1","Vishay","CRCW04021K15FKED "
"R21,R22,R23,R24,R25,R26,R29,R30,R39,R40","22","10","Vishay","CRCW040222R0FKED"
"R34,R35,R36","220","3","Vishay","CRCW0402220RFKED"
"R46","49.9","1","Vishay","CRCW060349R9FKEA"
"R51,R52","10k","2","Vishay","CRCW060310K0FKEA"
"U1","LM536013-Q1","1","TI","LM536013QDSXRQ1"
"U2,U3","MAX892L","2","Analog","MAX892LEUA+T"
"U4","TPS22950","1","TI","TPS22950CQDDCRQ1"
"U5","STM32L451","1","ST","STM32L451RET6"
"U6","ADT7420","1","Analog","ADT7420UCPZ-RL7"
"U7,U8","FM24C64B","2","Cypress","FM24C16B-GTR"
"U9","PCA9306DC1","1","TI","PCA9306TDCURQ1"
"U11","Si4463","1","Silicon Labs","SI4463-C2A-GMR"
"U12","SKY65367","1","Skyworks","SKY65367-11"
"U13","ADF7030","1","Analog","ADF7030-1BCPZN"
"U14","SKY65377","1","Skyworks","SKY65377-21"
"X1","8M","1","Abracon"," ABM8AIG-8.000MHZ-1Z-T "
"X2","32.768k","1","Abracon","ABS25-32.768KHZ-6-T"
"X3","30M","1","Würth","830108212809"
"X4","26M","1","TXC","7Z-26.000MBG-T"
