{
    "layout": {
        "type": "grid",
        "rows": 1,
        "cols": 1,
        "hspace": "0mm",
        "vspace": "0mm",
        "hevendiff": "0mm",
        "vevendiff": "0mm",
        "rotation": "0deg",
        "alternation": "none",
        "renamenet": "Board_{n}-{orig}",
        "renameref": "{orig}",
        "hbackbone": "0mm",
        "vbackbone": "0mm",
        "hboneskip": 0,
        "vboneskip": 0,
        "hbonefirst": 0,
        "vbonefirst": 0,
        "vbonecut": true,
        "hbonecut": true,
        "baketext": true,
        "bakeref": false,
        "code": "none",
        "arg": ""
    },
    "source": {
        "type": "auto",
        "tolerance": "1mm",
        "tlx": "0mm",
        "tly": "0mm",
        "brx": "0mm",
        "bry": "0mm",
        "ref": "",
        "stack": "inherit"
    },
    "tabs": {
        "type": "spacing",
        "hcount": 1,
        "vcount": 1,
        "hwidth": "3mm",
        "vwidth": "3mm",
        "mindistance": "0mm",
        "spacing": "10mm",
        "tabfootprints": "kikit:Tab",
        "fillet": "0mm",
        "code": "none",
        "arg": "",
        "cutout": "1mm",
        "patchcorners": true
    },
    "cuts": {
        "type": "none",
        "clearance": "0mm",
        "cutcurves": false,
        "linewidth": "0.3mm",
        "textthickness": "0.3mm",
        "textsize": "2mm",
        "endprolongation": "3mm",
        "textprolongation": "3mm",
        "textoffset": "3mm",
        "template": "V-CUT",
        "layer": "Cmts.User",
        "offset": "0mm",
        "prolong": "0mm",
        "drill": "0.5mm",
        "spacing": "0.8mm",
        "code": "none",
        "arg": ""
    },
    "framing": {
        "type": "none",
        "thickness": "0mm",
        "millRadius": "0mm",
        "cuts": "both",
        "copperFill": false,
        "width": "5mm",
        "slotwidth": "2mm",
        "hspace": "2mm",
        "vspace": "2mm",
        "mintotalheight": "0mm",
        "mintotalwidth": "0mm",
        "maxtotalheight": "10m",
        "maxtotalwidth": "10m",
        "chamferwidth": "0mm",
        "chamferheight": "0mm",
        "fillet": "0mm",
        "code": "none",
        "arg": ""
    },
    "tooling": {
        "type": "none",
        "layout": "3hole",
        "hoffset": "0mm",
        "voffset": "0mm",
        "size": "2mm",
        "paste": false,
        "soldermaskmargin": "0mm",
        "code": "none",
        "arg": ""
    },
    "fiducials": {
        "type": "none",
        "hoffset": "0mm",
        "voffset": "0mm",
        "coppersize": "1mm",
        "opening": "1mm",
        "paste": false,
        "code": "none",
        "arg": ""
    },
    "text": {
        "type": "none",
        "text": "",
        "anchor": "mt",
        "hoffset": "0mm",
        "voffset": "0mm",
        "orientation": "0deg",
        "width": "1.5mm",
        "height": "1.5mm",
        "hjustify": "center",
        "vjustify": "center",
        "thickness": "0.3mm",
        "layer": "F.SilkS",
        "plugin": "none"
    },
    "text2": {
        "type": "none",
        "text": "",
        "anchor": "mt",
        "hoffset": "0mm",
        "voffset": "0mm",
        "orientation": "0deg",
        "width": "1.5mm",
        "height": "1.5mm",
        "hjustify": "center",
        "vjustify": "center",
        "thickness": "0.3mm",
        "layer": "F.SilkS",
        "plugin": "none"
    },
    "text3": {
        "type": "none",
        "text": "",
        "anchor": "mt",
        "hoffset": "0mm",
        "voffset": "0mm",
        "orientation": "0deg",
        "width": "1.5mm",
        "height": "1.5mm",
        "hjustify": "center",
        "vjustify": "center",
        "thickness": "0.3mm",
        "layer": "F.SilkS",
        "plugin": "none"
    },
    "text4": {
        "type": "none",
        "text": "",
        "anchor": "mt",
        "hoffset": "0mm",
        "voffset": "0mm",
        "orientation": "0deg",
        "width": "1.5mm",
        "height": "1.5mm",
        "hjustify": "center",
        "vjustify": "center",
        "thickness": "0.3mm",
        "layer": "F.SilkS",
        "plugin": "none"
    },
    "copperfill": {
        "type": "none",
        "clearance": "0.5mm",
        "edgeclearance": "0.5mm",
        "layers": "F.Cu,B.Cu",
        "width": "1mm",
        "diameter": "7mm",
        "spacing": "0.5mm",
        "orientation": "45deg",
        "threshold": "15%"
    },
    "post": {
        "type": "auto",
        "copperfill": false,
        "reconstructarcs": false,
        "millradius": "0mm",
        "millradiusouter": "0mm",
        "script": "",
        "scriptarg": "",
        "origin": "tl",
        "refillzones": false,
        "dimensions": false,
        "edgewidth": "0.1mm"
    },
    "page": {
        "type": "inherit",
        "anchor": "mt",
        "posx": "50%",
        "posy": "20mm",
        "width": "1000mm",
        "height": "1000mm"
    },
    "debug": {
        "type": "none",
        "drawPartitionLines": false,
        "drawBackboneLines": false,
        "drawboxes": false,
        "trace": false,
        "deterministic": false,
        "drawtabfail": false
    }
}
