{
    "$schema": "https://go.kicad.org/pcm/schemas/v1",
    "name": "KiKit Library",
    "description": "A footprint and schematic library for KiKit annotations.",
    "description_full": "KiKit uses these symbols a footprints to annotate your boards (e.g., to place a tab in a panel).",
    "identifier": "com.github.yaqwsx.kikit-library",
    "type": "library",
    "author": {
        "name": "Jan Mrázek",
        "contact": {
            "github": "https://github.com/yaqwsx",
            "web": "https://honzamrazek.cz",
            "twitter": "https://twitter.com/yaqwsx_cz"
        }
    },
    "maintainer": {
        "name": "Jan Mrázek",
        "contact": {
            "github": "https://github.com/yaqwsx",
            "web": "https://honzamrazek.cz",
            "twitter": "https://twitter.com/yaqwsx_cz"
        }
    },
    "license": "MIT",
    "resources": {
        "homepage": "https://github.com/yaqwsx/KiKit"
    },
    "versions": [
        {
            "version": "1.7.2",
            "status": "stable",
            "kicad_version": "8.0"
        }
    ]
}
